dta_train,dta_test,train_percentage,area,num_docs,num_rels,num_shown,num_feedback,rels_found,last_rel,wss_100,wss_95,NCG@10,NCG@20,NCG@30,NCG@40,NCG@50,NCG@60,NCG@70,NCG@80,NCG@90,NCG@100,total_cost,total_cost_uniform,total_cost_weighted,norm_area,ap,r,loss_e,loss_r,loss_er,recall,cost,rho,beta
android,anttlr4,1.0,68.33,2353.0,53.0,2316.0,2316.0,53.0,2273.0,0.034,0.24,0.208,0.358,0.679,0.83,0.849,0.925,0.925,0.943,0.962,0.962,6948.0,6948.0,6948.0,0.725,0.043,1.0,0.414,0.0,0.414,1.0,0.9842753931151721,6,1000.0
android,anttlr4,1.0,70.75,2353.0,53.0,2353.0,2353.0,53.0,2329.0,0.01,0.273,0.132,0.358,0.547,0.887,0.906,0.906,0.943,0.943,0.981,1.0,7059.0,7059.0,7059.0,0.723,0.058,1.0,0.427,0.0,0.427,1.0,1.0,6,1000.0
android,anttlr4,5.0,80.35,2353.0,53.0,2316.0,2316.0,53.0,2283.0,0.03,0.231,0.264,0.528,0.849,0.868,0.906,0.906,0.925,0.962,0.981,0.981,6948.0,6948.0,6948.0,0.78,0.061,1.0,0.414,0.0,0.414,1.0,0.9842753931151721,6,1000.0
android,anttlr4,10.0,75.00,2353.0,53.0,2316.0,2316.0,53.0,2287.0,0.028,0.212,0.226,0.547,0.755,0.83,0.887,0.906,0.925,0.962,0.981,0.981,6948.0,6948.0,6948.0,0.763,0.052,1.0,0.414,0.0,0.414,1.0,0.9842753931151721,6,1000.0
elasticsearch,anttlr4,1.0,53.24,2353.0,53.0,2316.0,2316.0,53.0,2285.0,0.029,0.151,0.151,0.208,0.34,0.642,0.698,0.755,0.868,0.943,0.981,0.981,6948.0,6948.0,6948.0,0.617,0.03,1.0,0.414,0.0,0.414,1.0,0.9842753931151721,6,1000.0
elasticsearch,anttlr4,1.0,70.09,2353.0,53.0,2353.0,2353.0,53.0,2329.0,0.01,0.241,0.094,0.283,0.66,0.887,0.925,0.925,0.925,0.943,0.981,1.0,7059.0,7059.0,7059.0,0.727,0.058,1.0,0.427,0.0,0.427,1.0,1.0,6,1000.0
elasticsearch,anttlr4,5.0,65.75,2353.0,53.0,2316.0,2316.0,53.0,2285.0,0.029,0.226,0.075,0.434,0.623,0.849,0.906,0.906,0.925,0.943,0.981,0.981,6948.0,6948.0,6948.0,0.722,0.049,1.0,0.414,0.0,0.414,1.0,0.9842753931151721,6,1000.0
elasticsearch,anttlr4,10.0,77.59,2353.0,53.0,2353.0,2353.0,53.0,2344.0,0.004,0.225,0.132,0.528,0.66,0.849,0.906,0.906,0.925,0.962,0.981,1.0,7059.0,7059.0,7059.0,0.75,0.051,1.0,0.427,0.0,0.427,1.0,1.0,6,1000.0
